Farm_Area,Fertilizer_Used,Pesticide_Used,Water_Usage,Crop_Type,Irrigation_Type,Soil_Type,Season,Yield
19.352465823520763,364.17277130888533,13.330981797737884,5671.7360662259625,Cotton,Flood,Sandy,Kharif,13.935806955372037
47.58500101408589,291.2433648548542,29.385542632026116,5312.636898667579,Cotton,Drip,Loamy,Rabi,14.29618312974208
36.86770314875885,189.28742732884749,44.282562614438376,1230.7785922579212,Cotton,Flood,Loamy,Kharif,10.705380397268737
30.334265725654795,416.2077588681269,37.95011988843025,4071.2304486354074,Rice,Manual,Clay,Zaid,13.413511897506002
8.64491338167939,358.1290276492457,41.295251653765234,4421.760569072713,Rice,Flood,Clay,Kharif,10.133389570514922
8.64373149647393,123.17762270520109,34.64525150198228,4589.405028072104,Rice,Drip,Loamy,Zaid,7.564665975465661
3.8460969962417737,459.9172330222291,36.15244540330336,6221.551323045991,Cotton,Drip,Loamy,Kharif,12.998141765052441
43.44263114297183,420.14175931542604,43.213804320439365,5802.422920541906,Rice,Manual,Loamy,Rabi,16.097432923493983
30.45463557541723,477.4099609813658,16.235060398663368,6471.145835141002,Wheat,Manual,Sandy,Kharif,15.768783764060277
35.69555631200623,376.573778774762,27.02412336394132,7883.949353879155,Wheat,Flood,Sandy,Kharif,17.998739925808085
2.00864022049432,326.03683817110544,14.954424881882101,8316.871648444841,Rice,Flood,Sandy,Kharif,13.732011871130974
48.52558275593772,238.2093663307785,49.445060359849116,7463.10768603845,Wheat,Drip,Loamy,Rabi,15.49723413543893
41.78968939922066,469.72781750930596,47.4826702858976,9599.713263594413,Wheat,Manual,Clay,Kharif,19.83977373931191
11.404616423235531,439.72875027518376,6.774206511582765,1164.0932440872548,Cotton,Manual,Loamy,Rabi,12.635986984958732
9.90942339314793,70.34840154778523,36.75088276320598,2762.0018711519147,Rice,Manual,Sandy,Zaid,5.740944958442091
9.986820982818257,61.8651385237634,46.63617428370496,1068.065874803279,Rice,Flood,Sandy,Kharif,3.1286736568370124
15.907869905017348,219.4085150951223,13.12589053073001,6827.272427391427,Cotton,Manual,Loamy,Rabi,11.23419901174438
26.713065149979656,414.7489988518248,30.557535374868326,9082.274940549882,Wheat,Drip,Loamy,Rabi,18.811217799815324
22.165305913463673,494.274258191725,46.19697339146188,3191.3406691866935,Wheat,Drip,Sandy,Kharif,12.561130013556333
15.270227869704053,117.68760099658768,6.527569036360948,9343.310903166759,Rice,Flood,Sandy,Zaid,12.69074103968243
30.980791841396595,317.3588219084608,36.383912026107794,1542.4065126060477,Wheat,Flood,Sandy,Rabi,12.044394310849764
7.83519917195005,221.40088548395968,18.380705331764783,9409.924241249628,Cotton,Manual,Loamy,Kharif,12.575804893934228
15.31508777822569,486.46147901657145,46.59782879194387,4164.60418515671,Cotton,Flood,Sandy,Zaid,12.679824944842885
18.951730321390894,428.9535154110689,48.697621032441546,1912.7874560429486,Rice,Drip,Sandy,Rabi,12.906592352577945
23.34742922663476,427.247917120012,47.491992010104525,5372.8458326769305,Cotton,Manual,Clay,Rabi,13.534565867119545
39.473622108257665,260.91192190773666,26.33963974958587,3310.9891094845716,Cotton,Drip,Loamy,Zaid,14.70862777917809
10.784015325759627,236.66877605194932,43.791919294519104,3563.8561176573053,Rice,Manual,Clay,Zaid,8.28047353923029
26.19748748226697,173.03318236881782,43.00472293407817,3765.609684336579,Cotton,Flood,Clay,Kharif,9.08824005606213
30.02831387424008,75.3689734929172,19.359521295946504,8227.23308049397,Cotton,Manual,Sandy,Kharif,9.36076603127028
3.2760702232798886,439.12506931477395,42.30119633678048,5852.45149007729,Cotton,Manual,Loamy,Rabi,10.051902803062681
30.76969774317048,415.8054541085349,6.665343562197168,3801.769292404033,Wheat,Drip,Sandy,Zaid,15.699998023185245
9.355682060677285,499.87295297875875,31.832144531692386,6493.004049798265,Rice,Drip,Loamy,Zaid,16.53193686800838
4.187528056278696,498.4865766832574,15.350397677946637,7445.356068008742,Rice,Manual,Clay,Zaid,17.581877383221332
47.49539132541333,299.9442675211823,10.425509859977547,3453.6160066018037,Rice,Flood,Loamy,Rabi,18.074027388671556
48.315969620653405,396.0443368312297,8.462894073314413,4721.941913728164,Wheat,Flood,Sandy,Zaid,18.229948938397627
40.6114700577066,475.1445784470926,36.33299491451629,2096.974840032528,Wheat,Drip,Sandy,Zaid,16.047319101165524
15.926074689495163,432.34132580483515,20.294373369562976,2630.344145812123,Rice,Flood,Sandy,Rabi,13.238145616223772
5.78593358631281,161.30664578443896,37.614504718794265,7130.060685684845,Wheat,Drip,Loamy,Kharif,8.551270089117198
34.527418299095686,252.74486088954208,7.941035335952407,2632.9451292606427,Rice,Flood,Clay,Kharif,12.917298935343602
22.567472193240462,108.12173681817274,19.188065202377466,5726.4704530035415,Wheat,Manual,Clay,Rabi,11.67278198923776
6.979873507394163,479.32296226642507,29.277108156890176,7381.416355501894,Cotton,Drip,Loamy,Zaid,15.912966410670272
25.263668595452238,322.778585502896,40.58254241775336,1961.8923078526946,Cotton,Drip,Sandy,Rabi,9.433530528444393
2.6850375346457014,152.88926247655823,19.343862631943146,6105.809976660132,Rice,Manual,Clay,Kharif,10.36158019460433
45.556699701860325,352.26530798263553,33.16511193966541,3309.065053312274,Wheat,Drip,Sandy,Kharif,15.264319331466153
13.68021909840083,328.15770820605314,44.86899867062842,9666.341877138218,Wheat,Flood,Loamy,Rabi,13.929998658083308
33.463591933345114,211.17322311477824,32.713843468203706,5351.910820479323,Cotton,Flood,Sandy,Rabi,11.226365221508328
16.273842728381137,101.10091648983305,15.48317636391352,8253.932947976424,Cotton,Drip,Clay,Kharif,11.762289642922338
26.48333303771273,352.20793801675984,6.098035170044211,5952.038879406356,Wheat,Flood,Clay,Rabi,15.699883094136036
27.788803687820703,284.138465406707,44.15444932554185,1390.7127956933725,Wheat,Drip,Sandy,Kharif,9.787132516020865
10.057868320750824,397.5432762810377,5.957123488267421,6698.3623803462015,Wheat,Manual,Loamy,Rabi,15.375275053432475
48.50964676046337,284.073575500397,44.361575270788975,9562.630079859913,Wheat,Drip,Sandy,Rabi,16.385909444195587
38.98150834469461,433.48167514334307,28.80217103122454,6414.506381316981,Wheat,Manual,Loamy,Rabi,15.580286732970626
47.035448136645265,298.3580774485185,47.25804643308033,8372.699734841111,Wheat,Flood,Sandy,Kharif,14.640756486120681
44.84654017095479,302.42208719092383,40.94524560981494,8957.85817013567,Rice,Manual,Clay,Rabi,14.988962444191001
30.29709896174317,444.49412119625526,49.90703497400018,3052.7179475403923,Wheat,Flood,Loamy,Kharif,14.40822247425844
46.171837516132726,231.56728979557866,20.782031695326957,2908.40355917404,Cotton,Drip,Loamy,Kharif,13.761682670921946
5.3361326005440555,110.30685280278833,39.52347300190071,6498.828899658925,Rice,Flood,Loamy,Rabi,8.305966240624711
10.603160258538114,62.952204341002535,23.0868911124159,4699.256228260342,Wheat,Drip,Clay,Rabi,9.720403992766874
3.216137156616365,389.81176505312857,26.594402913675896,8558.751725800483,Cotton,Drip,Sandy,Kharif,13.586436816256182
16.94118620739995,329.1392981090591,33.237745844826655,9100.2081105821,Rice,Manual,Clay,Kharif,13.188202099458723
20.045187194784617,366.83589564465063,44.315470138385244,4180.792413724463,Cotton,Manual,Loamy,Zaid,11.342201313907378
14.2961025569209,145.83387267900983,49.28375611396828,3131.8350307703386,Wheat,Manual,Sandy,Kharif,8.751702242837284
41.608137948444536,111.3671640140464,39.572303623903316,8024.729637194757,Wheat,Manual,Clay,Zaid,11.795595267368217
18.480913007985876,56.545099550546865,23.79950519753002,3473.254319933225,Wheat,Flood,Loamy,Zaid,8.218140982904732
14.765790974681657,207.76440146296864,23.961065102468158,8403.528866623106,Wheat,Flood,Loamy,Zaid,13.04063292211548
27.592108074754176,315.4629590845849,38.19120357150012,4813.644282838865,Rice,Flood,Clay,Rabi,13.478365641143562
7.9052870237633694,226.50982029487955,15.744971559573605,7007.949093623234,Rice,Drip,Clay,Rabi,14.954361774590568
40.307652056947944,246.86371491067808,9.97133509091276,1859.8178245120137,Cotton,Flood,Clay,Kharif,10.888759830142064
4.652981540308771,456.8714125221868,20.957997093834944,6614.733922089157,Wheat,Flood,Loamy,Zaid,13.201373367683708
49.35745989342535,206.71496016048516,17.92575462443368,5065.909108635062,Cotton,Flood,Clay,Rabi,12.413382767743528
38.839993695536215,281.2952701219149,18.333865420519555,6279.476168579267,Rice,Manual,Loamy,Rabi,15.430554813629119
10.737068395174449,402.6438557335144,15.512348797245947,2512.1278697037706,Wheat,Flood,Clay,Rabi,13.093188558692201
1.2705837390565176,228.44425204457158,6.894193533636285,7631.863704497639,Wheat,Drip,Loamy,Rabi,11.39320975034472
40.95760999428688,329.93901510254307,5.804327063003622,8765.173697889057,Rice,Manual,Loamy,Rabi,19.650577227705117
35.63600984853324,438.06366893603536,49.44750753812142,2950.6582008169808,Rice,Drip,Sandy,Zaid,14.572636412324009
36.72135123400838,477.28428064593896,24.249791018113804,1861.4309996814554,Rice,Flood,Clay,Zaid,14.340628588814038
38.79224698761134,116.18306641806707,22.294699122185676,1212.7472744170275,Rice,Manual,Clay,Zaid,8.462239419563515
4.628187934970428,466.96443132267245,35.584127721188146,6777.743503989394,Rice,Drip,Loamy,Zaid,13.449380135463093
18.564820698669358,271.4523318857922,14.821424953927888,6463.846324799027,Wheat,Flood,Loamy,Kharif,12.453265554623014
6.677583916731356,166.20997473453124,47.74825327776014,5920.27671442663,Rice,Drip,Loamy,Zaid,9.464482530273093
43.29206786790408,256.6110903072176,40.38552564869984,3087.5238650437786,Wheat,Drip,Sandy,Rabi,13.94892176821602
31.541608214550337,491.0146588784647,9.023495104051678,4518.153963149632,Wheat,Drip,Sandy,Zaid,18.02637114319247
17.214003217779812,271.6781422967913,23.791134910321777,6350.287016675557,Rice,Flood,Loamy,Kharif,12.143217966971239
4.114359164015158,197.9382246293787,44.560323840297414,5470.9017297325245,Rice,Flood,Clay,Rabi,9.196609242065755
16.23813376406745,335.0303844425266,47.51294100311346,9890.069681933986,Wheat,Drip,Clay,Zaid,15.970203203048204
16.933982779310604,158.0655284501869,26.033068006244136,2227.957773010598,Rice,Manual,Sandy,Zaid,10.650624111906993
36.75070273856514,84.13849764889876,32.60351251448185,7256.300986428344,Rice,Manual,Sandy,Zaid,11.520716594526478
32.240316096405444,107.99587485979215,12.516527574143385,4638.868912938629,Rice,Flood,Loamy,Rabi,12.695866240004573
44.47342438624,107.6206275309976,49.60258817616394,4853.796534330533,Cotton,Flood,Clay,Rabi,11.298376076833858
24.138531332935514,118.35621208053246,15.425226562254952,7458.379890923586,Wheat,Flood,Loamy,Kharif,10.340053008672198
6.860118050976784,112.47222769223455,47.422929836080655,7231.925361919327,Cotton,Flood,Sandy,Rabi,6.80550432247713
35.948994573926754,338.3936351614466,34.23409920465658,9921.303943319695,Rice,Flood,Clay,Rabi,19.039769730664656
38.27846738222797,131.84603797961518,32.34815576954866,2155.5486050871273,Cotton,Manual,Clay,Zaid,9.064867711862252
28.502582680905316,205.55027749573844,28.070982995742888,1936.986844457497,Rice,Flood,Sandy,Rabi,7.269505338267116
38.77739181777349,453.5547844577053,15.380141527299141,7519.04935415867,Cotton,Drip,Loamy,Zaid,18.450616738970584
25.195984221855145,263.28273811829257,12.943761440247872,6205.482253057682,Rice,Drip,Loamy,Zaid,15.949018047592212
26.61390863971771,350.40098233446224,14.92187940815789,3467.445999038253,Cotton,Manual,Clay,Rabi,13.011545064900833
21.94950989956893,127.54394204073343,13.389721796491454,1714.7743209008795,Cotton,Drip,Sandy,Kharif,9.411375137994396
2.245537210460664,136.53005846390184,40.081301310503896,1770.9242463678747,Cotton,Manual,Clay,Kharif,6.192123653319068
6.286679922671918,68.39087731991549,20.755636662502855,9047.717871977065,Wheat,Manual,Sandy,Rabi,9.185670803497032
2.540030098649978,126.02077838247405,7.6029204453528365,2726.8059224686863,Cotton,Drip,Loamy,Kharif,7.508178638154433
32.18411015192524,175.36565256438138,48.60961835633651,3910.3440590396867,Wheat,Flood,Sandy,Zaid,9.727027891315535
16.403443072740007,129.65471792453607,44.77036482335416,3039.907620042892,Rice,Drip,Loamy,Zaid,8.94437956792566
25.919963867070436,89.91614019067502,46.74885274378458,4194.966752487436,Cotton,Drip,Sandy,Rabi,8.154856048468629
45.47075722237856,104.28614199527037,49.77085201908959,1624.8145847148403,Rice,Manual,Clay,Kharif,9.630389066252315
13.215319228294872,257.3504456147266,12.825286214876929,5671.538118174433,Rice,Drip,Loamy,Kharif,12.527747220773017
21.108763228745858,142.85017328260662,22.830890850619642,1608.5130723299342,Cotton,Manual,Clay,Zaid,8.766627825828618
38.022005788609384,213.92143747163396,39.12073140668411,8203.208570401253,Wheat,Flood,Clay,Rabi,14.155821802914836
12.2111101090895,276.5377718846856,36.32092781242065,3103.408737193897,Cotton,Flood,Loamy,Kharif,7.968827200519691
4.772015581610857,360.67767288321437,11.925315785293478,5860.107231440596,Rice,Flood,Loamy,Rabi,13.031992160778959
15.197821192774633,67.69046292849453,41.712490624577796,8920.711788053124,Rice,Drip,Clay,Kharif,10.602950298542
8.899843075446217,409.73467950906917,15.09982573264973,6857.896321424748,Cotton,Manual,Clay,Zaid,13.27564837198437
46.55518496478608,332.5551752709085,15.07179266701804,5796.620078962018,Wheat,Flood,Clay,Zaid,16.825938509260137
40.59789859865643,86.79156437699235,29.16384903020361,3919.0037780383805,Wheat,Manual,Clay,Rabi,10.396090224572399
32.03678406901075,443.1103808480498,31.682297067876643,3997.0172175237813,Rice,Manual,Loamy,Zaid,15.833800404445068
43.701568919198166,464.3925802393159,31.103879352701505,7025.382596783711,Rice,Flood,Loamy,Kharif,18.09283361878326
40.37993176805661,77.4850819346887,9.116907682898969,9947.254250990507,Wheat,Flood,Clay,Zaid,12.12483232376568
10.141932885415756,174.59494166624168,44.48573881836712,6956.552708644407,Cotton,Manual,Sandy,Rabi,6.736758505376599
44.73539092600891,412.7905759068776,16.952001916491774,6020.050756330224,Rice,Flood,Sandy,Rabi,18.117432560236605
27.427769853866884,386.71686067264625,10.828171457726189,7575.854592153215,Wheat,Manual,Loamy,Rabi,16.956960695156074
40.564567603039066,133.0344587103698,44.99366359410397,5186.850510553463,Rice,Manual,Clay,Kharif,11.93437792288207
44.90847369625117,144.20719550151964,48.0043174203389,1541.281083407067,Cotton,Flood,Clay,Kharif,9.058852814897413
16.58217027362133,216.7124462561219,43.795742776945275,6060.671342901188,Wheat,Drip,Loamy,Kharif,11.364019657180807
6.392544301856161,268.0353433359596,41.42822336261951,9618.627560548422,Rice,Flood,Sandy,Kharif,13.066710565987034
12.168822964555142,328.2146471886332,34.48588912875598,2577.726481218937,Cotton,Drip,Sandy,Kharif,10.549290160858094
21.92828164268656,216.01113780639758,29.78858167741127,7210.0440173859915,Rice,Manual,Sandy,Zaid,13.489497506493166
41.08272353020216,258.14062225991654,8.914404196013455,2808.403197931508,Cotton,Manual,Loamy,Kharif,13.510324917310642
43.175798579560826,386.36192216019043,23.380394588181442,5822.449160257732,Cotton,Drip,Sandy,Kharif,15.95483180055896
1.3406543960283446,66.50744130076906,21.77098326555413,1870.0880468204766,Wheat,Manual,Loamy,Zaid,6.072374781403148
26.026617826300722,163.59662495480933,16.68892026921468,5053.338426323667,Cotton,Drip,Loamy,Kharif,10.812656475166014
21.45313915429017,371.0073136480486,37.553905115986325,7805.469960057215,Rice,Drip,Clay,Rabi,14.955616415467125
11.883282713065782,452.8430769592397,27.314408078544687,4128.143718150839,Cotton,Manual,Sandy,Kharif,12.756897189483395
6.873402999350457,280.25484895204977,8.647079715844157,6984.205520384962,Cotton,Drip,Loamy,Kharif,13.015230140517076
17.54314339877777,289.45106836939203,14.90824408774151,8159.049647107563,Wheat,Flood,Sandy,Rabi,13.523774104582376
47.20257549171344,98.22740510289923,35.74664436468181,9344.600375315074,Cotton,Flood,Sandy,Rabi,11.390451884964072
16.836943669017007,251.3355650705546,8.425888677063508,3111.778736699082,Cotton,Manual,Clay,Rabi,11.324732323877098
26.420740465424938,289.6777699047604,43.30431113219459,4593.843242283773,Rice,Manual,Sandy,Rabi,12.853175066245607
35.44792898586371,159.11172663562834,27.281593715628844,2371.744119973757,Wheat,Drip,Clay,Kharif,12.496951667578472
18.817850516585406,171.15945392722142,26.62639597969916,9932.351519425378,Wheat,Drip,Loamy,Rabi,13.925808817883324
48.61732205332707,219.77787339708019,31.65835030967829,9343.008711318658,Wheat,Drip,Sandy,Rabi,16.148448980655807
48.15991745216345,59.03203899997686,42.110643466631714,5859.614172525036,Cotton,Drip,Loamy,Zaid,10.412717733536782
13.337332495442844,194.93562451243022,20.65141435559869,8578.29964938779,Wheat,Flood,Sandy,Rabi,13.206364593505754
25.365176788726888,145.1516031484451,35.510726865157864,5688.62179544838,Cotton,Flood,Loamy,Rabi,10.230399257439688
15.743037181021714,197.3738084800616,30.4579383798106,6612.271192024838,Cotton,Manual,Sandy,Zaid,10.41152269615044
14.957184224495913,103.89295931866305,17.01627215762396,1802.1198890441497,Rice,Drip,Sandy,Zaid,8.250302950691562
2.8074604203721067,450.7372763329527,44.53834938598211,7797.433784471271,Rice,Drip,Sandy,Kharif,13.795635043533169
30.868652365014945,317.1166040993219,40.884170972311765,2149.421352717113,Rice,Manual,Sandy,Zaid,12.462383159785139
25.631272138214214,355.59604361502033,34.630332559629146,8434.608672272756,Rice,Drip,Sandy,Kharif,14.761414953543056
3.522458811249478,405.12705737330225,43.276177809240885,8038.252789033473,Rice,Drip,Sandy,Zaid,15.309901104937953
14.65367674759396,274.29898951807576,44.02823904319111,7378.702279686788,Cotton,Drip,Sandy,Zaid,12.875318162752745
45.50502841236603,89.11412963934066,36.876333952176566,1325.443424722859,Cotton,Drip,Sandy,Kharif,8.752058253712224
12.73853264268165,291.6979438183465,42.66559977636524,3728.1552035079576,Wheat,Drip,Sandy,Zaid,9.416255468606037
8.099848732469932,314.0785031093956,36.38621577511776,3368.013129197586,Cotton,Manual,Loamy,Kharif,7.77065220737542
24.98318525360059,385.4477633829485,35.60633472921352,4241.227667243672,Cotton,Drip,Clay,Zaid,11.968918200781218
49.29687225141944,244.24679580335572,32.837512019683295,1788.7847208745468,Rice,Manual,Sandy,Rabi,13.475817414528262
12.86070830406352,107.4111362580037,38.872248780093855,9432.620407279564,Cotton,Drip,Clay,Zaid,10.58527749781215
33.93464182288805,177.699157609426,12.137229738188317,5984.220166411386,Rice,Flood,Sandy,Kharif,13.637853708032562
38.31936115110716,213.3870333793858,44.63918416395178,3749.718795922212,Wheat,Flood,Sandy,Zaid,9.03006217024086
12.644239655627583,340.6627585992205,44.23295874853544,4572.833653668551,Wheat,Flood,Loamy,Kharif,10.753318613855907
36.68260108198112,306.85023710101035,6.316127736555162,5024.822864543521,Cotton,Flood,Loamy,Kharif,16.03489151643935
19.021373503243407,210.2435266540308,42.16175377541432,6405.3490002455555,Wheat,Manual,Clay,Rabi,10.654349656167511
31.982985699085393,493.93186195684086,10.799144036305034,5641.11484926848,Cotton,Manual,Loamy,Rabi,16.01558198745615
32.04295582728384,322.5986687105992,20.080348441661386,9274.527758929757,Wheat,Drip,Loamy,Kharif,16.964919739926277
27.252959519663165,156.75205628119753,38.45787153312235,5472.671346152472,Rice,Flood,Clay,Zaid,10.019001474239147
5.424198732666007,95.80211267918169,12.23419532217387,9929.422133409815,Rice,Manual,Loamy,Kharif,12.066131923995938
41.92982228387266,118.78661263294941,41.8085160853578,8662.824619705862,Rice,Drip,Sandy,Kharif,13.636313302354262
16.718223183615056,160.68097777302867,42.446038008098384,2876.5946292160224,Rice,Drip,Clay,Zaid,9.541329063242319
10.139407009592857,122.30661796680005,27.83604801923763,9375.356931795246,Cotton,Manual,Clay,Zaid,9.026492408631913
2.997981936183432,133.9551608230876,5.287364227257511,2047.2975809692848,Wheat,Flood,Sandy,Zaid,6.819689616421325
29.95375421622385,178.2928259122312,17.916715992871076,8357.047376420724,Cotton,Drip,Loamy,Zaid,14.94289004027177
34.20065373027184,128.01811788263967,32.7617113269084,4425.609641289221,Rice,Flood,Clay,Kharif,9.460776341130488
1.8128036174649513,453.5444410818913,49.153378011234054,8901.768884005625,Cotton,Flood,Clay,Kharif,11.874550503375996
26.092559856664767,86.105185547739,33.43160871575008,8812.510210967053,Wheat,Flood,Sandy,Rabi,11.034805748570648
12.09829298469896,286.0301253066146,16.69116114788719,8253.32860105859,Cotton,Drip,Sandy,Kharif,13.479117260287843
32.613466730063045,234.6785721453477,33.53025663948251,8110.2739267635525,Wheat,Flood,Loamy,Zaid,13.371299543851402
9.54395502124458,492.0703776088729,29.299342087213496,3742.112251882367,Cotton,Drip,Clay,Rabi,13.06310730519921
34.85594916702083,100.41750597562356,40.093042781801465,1728.2735474612696,Wheat,Flood,Loamy,Zaid,9.084567702532638
19.950031968726332,229.03501957058373,9.814128747213129,4626.821608886453,Wheat,Drip,Loamy,Kharif,13.502867859273826
46.89976944809999,486.261694973916,39.24625561259126,2561.720634878578,Rice,Flood,Sandy,Rabi,14.933228240938707
7.73852626315367,439.47820665229114,29.356996040424963,7254.559800122155,Wheat,Manual,Clay,Zaid,14.489775344767512
17.712251201462667,417.68243192717597,48.33464017365476,4114.8975388400695,Rice,Flood,Clay,Rabi,14.089194359796926
6.560202540788865,166.0562721702229,20.384247471740874,9780.491807739234,Rice,Flood,Clay,Rabi,11.802005805553671
46.30998729564958,126.89941432552962,33.467985191027665,6768.7486961079885,Rice,Drip,Sandy,Kharif,12.565625879161994
43.98962831566807,350.88944896599395,46.94126474795078,8402.325072709249,Cotton,Drip,Sandy,Zaid,14.790311956186587
13.639139758042624,468.2191951074136,9.612937759580566,2192.7220546766357,Cotton,Flood,Sandy,Rabi,12.542178600462892
33.33921825567477,300.5433018562684,47.1752819256403,8758.130340453603,Cotton,Manual,Sandy,Rabi,14.798219732223906
41.04388780985958,307.22571026145494,35.9548575035366,9304.814714620548,Cotton,Manual,Sandy,Zaid,15.426683067194606
28.204839768373652,175.99059214712787,8.052667659732736,5383.5572693704235,Wheat,Drip,Clay,Rabi,13.038720090648788
26.952878339444318,396.2718199363716,18.543360512606732,6456.276439758797,Wheat,Manual,Loamy,Rabi,14.843993645065265
12.850762254122133,134.1696868508855,36.86774398903767,7883.288208126959,Cotton,Flood,Clay,Rabi,10.27899606576364
5.562035622489061,195.65565638190967,8.030777066094727,2573.547645343713,Wheat,Drip,Loamy,Zaid,8.630614806179317
44.96357213971301,241.44639737738754,31.197670707932296,5523.0946881709815,Wheat,Flood,Sandy,Zaid,13.015220499049358
45.120484801003194,278.4246704080048,20.564737562883053,4587.967249950818,Rice,Drip,Loamy,Zaid,16.48408014509794
32.02197140639013,159.0843795867861,32.94119829953647,2317.365929460242,Rice,Drip,Clay,Zaid,8.66065438587417
17.612459761386333,101.67657113264158,7.058391521563078,4307.809800623783,Rice,Drip,Clay,Kharif,10.861341017047701
18.111269156020384,324.7790190987347,44.219156276856936,1613.550784469442,Rice,Drip,Loamy,Rabi,10.139556214083152
36.57182826464173,179.8837489581151,48.80700361298286,1232.3071625453829,Wheat,Manual,Sandy,Zaid,8.947791860368563
44.95840273767628,311.5571996401755,48.59950348785612,2216.496602393405,Cotton,Flood,Sandy,Rabi,11.195415787462222
44.46723478899075,119.46322187339103,38.734332428431614,9668.036004302565,Wheat,Flood,Clay,Rabi,15.64180801307813
39.21390174702357,266.5130458346679,10.853880805878438,5945.765823055152,Wheat,Flood,Loamy,Kharif,14.656153544256124
32.4595506615601,289.6652446482136,39.12184381680601,9692.39945037898,Wheat,Drip,Sandy,Zaid,17.223692643111747
5.122858284757393,73.3205915700921,6.106411240646068,4892.480904971188,Rice,Manual,Sandy,Zaid,9.239966883663786
8.919806990636074,201.47192518726425,5.995559818804876,3806.3451977673362,Rice,Flood,Clay,Rabi,9.615995214086267
45.029155237826885,110.48660462253841,19.562459861729355,5555.2767655621965,Rice,Manual,Sandy,Zaid,13.190540908075153
30.715023923319908,78.51873671274548,26.988943568209958,4955.605197696191,Cotton,Drip,Loamy,Rabi,9.97322911712296
1.4506555292148526,495.4821045754754,39.66833380135069,1950.9821583556952,Wheat,Flood,Clay,Rabi,11.211529001405161
5.972105600435573,195.05923023862533,35.748291947292735,6767.436832211856,Cotton,Manual,Clay,Kharif,8.505511844930963
33.511586686294734,414.4435006345857,25.065621786953674,2944.3436425863965,Rice,Drip,Loamy,Kharif,17.37687954343973
1.2480176084647157,164.58829464369373,17.313199982674963,6576.291594080466,Cotton,Manual,Clay,Kharif,10.041510069205085
8.879594519457434,356.67622500076817,49.870602507097004,6851.80983158338,Wheat,Flood,Sandy,Rabi,11.402259185555698
27.88795567896272,392.10253695035897,24.178158600618783,2368.223678157833,Wheat,Flood,Sandy,Zaid,14.574652299269168
34.90286468694197,318.0374332735299,25.312416094835395,1552.1466439960134,Rice,Drip,Loamy,Kharif,13.745579729136232
32.94610171562743,262.20928484757127,12.363071953625113,8026.854274615958,Rice,Drip,Sandy,Zaid,17.1206479487642
11.98919616356743,235.32841136627084,40.76642969374682,5138.203813923881,Cotton,Drip,Loamy,Kharif,10.197926796647831
35.896781846029256,206.9907199443479,36.21570016016699,1523.4741595492821,Rice,Manual,Loamy,Kharif,11.439378650345015
12.625205287343203,468.28811491152163,14.934632575494218,9953.796854527904,Rice,Manual,Sandy,Rabi,17.335570269953603
16.944585209804117,423.7787335044781,8.707147052712921,1520.0250489672997,Wheat,Manual,Loamy,Kharif,13.371096049269523
37.578078850783186,484.26210979993067,35.622468593362086,7255.317059726978,Rice,Drip,Sandy,Kharif,18.438806492660664
32.83201205331352,105.93375056849513,34.45300464265109,9853.110327370723,Rice,Flood,Clay,Rabi,12.306380562923191
42.61194711421472,378.8903638416399,17.29667871491942,3152.6209379433303,Wheat,Flood,Clay,Zaid,14.654958035348677
33.223031722716826,472.253205569467,47.788860301268464,2280.2443181847657,Wheat,Manual,Loamy,Kharif,13.840025383356478
28.847121563438108,131.55487977454706,11.79760513014051,2092.46445480186,Cotton,Manual,Sandy,Rabi,9.444098340658218
5.5900636235765315,79.92332031504988,24.455066046917086,3729.47632810836,Rice,Flood,Sandy,Kharif,7.069262009288259
19.018074349912244,383.5042921805266,47.46271640754195,1909.4122990958201,Wheat,Flood,Clay,Rabi,11.808974680695643
13.994916016404547,308.51290093096037,23.887729261675503,7229.452075247187,Cotton,Manual,Clay,Zaid,13.39464300912432
12.955492525575096,428.82294954122244,33.73366764488385,1560.6261831705642,Cotton,Manual,Sandy,Zaid,10.525195648991565
48.677517182869835,112.89756948183027,22.891747908325744,5584.799153348107,Rice,Flood,Loamy,Rabi,14.790811339224144
20.26178850867126,407.8702903369506,17.33968410569015,9970.27168467679,Rice,Drip,Clay,Rabi,19.73540546655073
44.71028120367855,140.73229402148505,49.27899415819227,8325.73242555417,Cotton,Manual,Loamy,Rabi,10.637102740635484
31.92579267386588,123.64517428956702,23.420030284176935,6536.974944079098,Wheat,Flood,Loamy,Zaid,12.777032924627076
39.945753873540774,123.91960906894683,45.23446416556105,3756.282587079505,Cotton,Flood,Clay,Kharif,8.676803411318481
25.629217562154412,416.558624104122,15.347957265098879,6615.062526624746,Rice,Flood,Loamy,Zaid,17.352182539158
29.268290346691597,349.33874931329007,14.58971168112875,5743.373175204864,Wheat,Flood,Loamy,Rabi,16.24734921856094
25.13336699712433,285.3794411461037,6.401033729803011,4834.7504550133435,Wheat,Drip,Sandy,Rabi,12.914359263409958
10.56690640210418,211.47371785557613,34.325007141914824,2176.3933906617954,Cotton,Flood,Loamy,Zaid,5.948415647263455
36.40015364781376,444.7402433658987,21.58368546756925,8979.4379371642,Rice,Manual,Sandy,Rabi,19.457087798689358
14.757845759601935,226.60029834018593,43.896121242783664,5048.061839391903,Cotton,Drip,Clay,Zaid,9.93941639110336
2.191482355141238,417.4697477622097,26.294445801120073,2751.602606386886,Cotton,Flood,Clay,Rabi,8.773834711182081
32.62814249945122,247.61070885659828,48.568704256162476,4309.834157895607,Cotton,Drip,Sandy,Kharif,13.6330212543966
9.678423290945398,219.62499324120841,13.348648206640451,4727.167772760344,Wheat,Manual,Clay,Kharif,11.182788116017367
47.0824706332928,258.2059035513229,44.088042558002485,8447.84106010187,Wheat,Flood,Loamy,Rabi,15.970954058875089
47.74250027312678,185.62004337386392,39.94685837562838,7602.5294250526185,Rice,Manual,Loamy,Zaid,16.128290224227577
45.82835512080198,386.424221079313,39.69148300898234,7923.7440427720585,Rice,Flood,Loamy,Kharif,16.975672746360303
19.137776312516774,276.22417554161564,43.01524526525994,1099.281379857825,Cotton,Flood,Clay,Zaid,8.486472803130503
1.757374209914504,154.4957128160678,39.24607959243495,4745.3859836178535,Cotton,Flood,Loamy,Rabi,5.784240211639883
46.48760956679855,454.8085579735558,33.179914473413696,5332.097364717913,Cotton,Flood,Clay,Zaid,15.769993837686279
21.9810232675484,222.75104961794514,10.90601949570744,1172.7304914075103,Rice,Flood,Loamy,Kharif,11.16609234241164
48.36608613313981,294.59878750129485,6.463678077106336,3338.318878705308,Wheat,Drip,Sandy,Zaid,13.83628129419829
48.21737887737339,457.91244993404615,46.43815315170591,7842.608408099215,Wheat,Flood,Clay,Zaid,17.053531637534263
42.79746331790064,330.90709816129646,32.74926415343321,2233.9873515609916,Cotton,Flood,Clay,Rabi,11.694949312380626
15.427995711409698,102.60411831876384,40.84417809392794,5817.791183073325,Cotton,Drip,Loamy,Rabi,8.990640278383038
19.869788701494336,472.92445562606383,26.66850581806475,2936.8168481551374,Cotton,Drip,Clay,Rabi,14.39053009938007
42.70569690432599,332.46862388213805,10.278868503307752,1109.0869717950395,Cotton,Drip,Clay,Kharif,14.640351913773259
16.529178252657605,200.70752659568876,10.63336064911477,3170.8131183958735,Rice,Drip,Sandy,Kharif,12.11608589572144
9.305144587618532,112.67243269852426,35.85043792530371,9782.863794190484,Wheat,Drip,Sandy,Rabi,11.991627796642145
28.283261860459156,407.3113351716332,24.36376527047582,8213.834006946907,Cotton,Drip,Loamy,Rabi,17.33397040725348
46.87158393387827,329.0327401678311,14.023612701515152,9636.1897988893,Rice,Flood,Sandy,Kharif,20.3268996591686
35.10546003707368,290.0574913893447,27.12175460336466,5390.686395337262,Cotton,Flood,Loamy,Kharif,13.52016636331262
28.932997334378882,452.2516623729309,7.889402168381034,1987.6257880975315,Cotton,Manual,Loamy,Kharif,14.503096300411018
5.761648194767658,404.86874505103884,31.188713086147946,5931.635400763236,Wheat,Flood,Loamy,Kharif,13.362885404676609
31.135354108259317,118.25369587973803,17.104703199579394,5089.396011039648,Cotton,Flood,Clay,Rabi,10.260392519570269
49.5126386551089,190.27493050799671,40.890159528673465,8599.213744656543,Wheat,Drip,Sandy,Kharif,16.81305144780049
7.864116746589677,161.82011291650957,18.966288151560818,1882.7432270582012,Wheat,Drip,Loamy,Rabi,9.737754047492883
26.3981529658231,384.77583165770466,25.484906708681052,5394.170233196003,Wheat,Flood,Sandy,Zaid,14.784570696811345
43.991280524469815,65.08959563110072,5.522924295864529,2350.437982245858,Rice,Manual,Loamy,Zaid,11.805964107284547
37.29766226995602,306.45035819209244,8.26010995075515,3922.0833420105396,Rice,Drip,Sandy,Kharif,14.86708060192964
35.15377130876813,393.1064085833107,22.662210038300817,7636.2136964901965,Wheat,Flood,Sandy,Zaid,16.99829461052429
35.42172011536835,444.5445365427872,26.597247562270557,5284.163164318898,Cotton,Flood,Loamy,Zaid,14.595461811877605
18.615066409768005,203.93678692215835,32.000924665368665,4382.994566311924,Wheat,Manual,Clay,Zaid,11.646373028137726
15.386000368960175,419.5657871024058,18.124816041918645,4550.286507130318,Cotton,Manual,Sandy,Kharif,12.923352589515957
40.658696618447166,99.78428162984325,36.27418487569442,5135.0209156538795,Wheat,Drip,Clay,Kharif,11.721541833575312
40.695556339279854,430.9035312805332,43.70550787351421,8065.148894533512,Cotton,Manual,Clay,Zaid,15.570806580533743
43.48654361042508,107.36989804939209,40.09329450020074,9028.76220046211,Rice,Flood,Loamy,Rabi,14.39190547012363
45.748787075267096,228.77928075216528,6.782847140676072,9598.012178535355,Cotton,Flood,Loamy,Zaid,16.212690038204734
26.05577754418595,408.78291460079913,26.622812626602304,8082.130476297656,Wheat,Manual,Loamy,Kharif,16.996474870554394
25.57429843967278,117.4628423069482,9.72185802881787,3838.6620617321146,Rice,Manual,Sandy,Kharif,11.410004076974054
40.11646376937198,153.16312785468867,15.892025713813736,7193.21235477888,Cotton,Manual,Loamy,Kharif,12.863466072867741
32.84823260811049,375.01365577687983,49.39981669702159,4938.428116498528,Cotton,Manual,Loamy,Zaid,12.185722199948437
35.39637698562746,374.01644144573345,11.412299430568096,3292.0355984144608,Cotton,Drip,Sandy,Rabi,16.15718706447212
39.99384080236895,338.5164347983838,27.449966905311022,8567.844214833303,Cotton,Manual,Sandy,Kharif,15.69625533033467
44.61026174906075,362.276800010195,32.81700804431536,1345.837140660925,Cotton,Drip,Loamy,Kharif,14.052095159219332
17.561762685725256,294.2259995064183,36.61092367448468,9115.857929218811,Rice,Flood,Loamy,Zaid,14.582413566700716
19.403564679357256,163.30957650812874,30.184190756911136,5153.297181622607,Rice,Manual,Loamy,Rabi,9.603739038625184
5.605115052202581,205.56319707676374,5.439688133863265,6734.813291274524,Rice,Drip,Loamy,Zaid,13.102047837135702
29.335726908812525,131.71897256064156,19.690758870979636,6934.185299852044,Rice,Manual,Clay,Kharif,12.591038521822554
2.761171416040362,458.80275260013275,28.297023952312014,9056.059666358828,Wheat,Flood,Clay,Rabi,14.02780636846545
23.81430288849055,312.5263076447542,8.953992461517501,6730.027139504866,Rice,Flood,Loamy,Rabi,14.030102865359197
27.589587100671256,230.38313754363796,20.778211904413133,6525.4022628405555,Cotton,Flood,Clay,Kharif,12.944381857378586
15.040521354285936,257.9026116398597,6.494139895611496,1599.8683650462096,Cotton,Manual,Sandy,Rabi,10.8755305059639
29.950829767881526,476.2775028253169,8.536032371975933,5665.672197506837,Rice,Manual,Clay,Rabi,17.82387051671533
2.494512247013422,119.00813140223609,22.861547429071823,2351.521007353375,Cotton,Drip,Clay,Zaid,5.232790986108292
2.830061248711506,313.80342440755874,10.972208931937717,7636.90391849337,Rice,Flood,Loamy,Kharif,12.402566186459602
41.307427472323255,277.6499054980097,30.539338171770115,5609.9972873140705,Cotton,Manual,Clay,Kharif,13.241399355446946
18.64934142915188,325.1544059455915,36.02592361117696,7122.05001287518,Wheat,Flood,Clay,Kharif,14.46659879913855
7.225965119942354,58.14958271937823,41.026401459908726,1375.0561054214584,Wheat,Flood,Clay,Kharif,4.384297570401326
26.589919742685414,442.45575902486814,14.006760991016455,1763.128144412229,Rice,Drip,Clay,Kharif,14.608485459498656
38.72968410183193,469.4532271176256,12.53671620165814,7446.91049256414,Rice,Drip,Sandy,Rabi,17.737901453470624
11.575230347345316,304.309932615144,9.705552815048012,1648.7590239880603,Rice,Drip,Loamy,Zaid,11.30458910509321
31.521633315131012,363.49287074460153,33.63936122946365,1641.3105498873274,Cotton,Drip,Loamy,Kharif,11.410307252161777
5.182025784694632,465.1247215297831,36.79140769191055,1108.976277113987,Rice,Flood,Sandy,Zaid,9.906811324454877
3.5324043372617773,368.2573854410294,6.421376517153892,9608.512584695321,Wheat,Drip,Clay,Zaid,15.58023936199033
27.03637694683925,118.6425693114176,47.12955108096604,7637.575235131062,Cotton,Drip,Sandy,Rabi,9.944422092261242
27.49112095889522,309.3297620750659,7.338707764316259,4179.262676518578,Rice,Drip,Clay,Kharif,16.41124892973033
32.23406517341212,323.0217708722852,29.35833508854817,3668.820231588897,Cotton,Drip,Sandy,Rabi,13.913229814500005
36.578475352410415,240.8588020860737,36.90772337529124,4147.329067712646,Cotton,Flood,Loamy,Kharif,11.09012399381357
48.8167518936642,381.3999060311253,44.19361056857385,7971.881780630637,Rice,Drip,Loamy,Rabi,17.36211629997941
26.29871706675857,470.4651566460567,37.13391194595925,6952.335499633729,Cotton,Flood,Loamy,Zaid,16.888963144549802
16.824867174121053,466.5058308080493,41.07776373814063,2666.7601108072113,Wheat,Manual,Clay,Kharif,14.2196085375129
39.96412354366648,252.87771713185944,20.27525866442627,2566.984018006759,Wheat,Flood,Clay,Zaid,10.265058943581074
14.270780311841637,100.95712062833987,41.66713011859305,1885.5608474205758,Cotton,Flood,Sandy,Zaid,5.593716382361599
22.509599614576167,493.1785395330506,8.605168087310382,6942.724477312043,Rice,Drip,Sandy,Rabi,17.83786358084715
4.844362685771032,427.50413890067034,45.26674952272374,7879.353959995624,Cotton,Manual,Loamy,Kharif,13.62245799600872
2.242186427357418,106.09820654147008,29.64165692691813,3385.4178549250364,Wheat,Manual,Clay,Zaid,8.568985946135909
48.169772319218325,464.37884717781753,41.77839964831222,1188.5046492782153,Cotton,Manual,Sandy,Rabi,13.703935262484794
41.963025905098085,441.4533629279577,25.354322803323505,1739.5450072878461,Cotton,Manual,Clay,Kharif,12.459460883243008
35.1027360985912,283.47712570673247,33.96099628384362,9710.740313605274,Wheat,Flood,Clay,Kharif,15.898758538219827
21.038694276299225,316.07394608521815,28.688119742125096,3659.0029972967823,Cotton,Manual,Loamy,Zaid,13.030038199054534
9.491421683471444,229.55121674155862,37.921528478989934,7923.008330543203,Cotton,Flood,Loamy,Kharif,10.354078379272854
8.665415090883217,74.6427374699141,8.67334919137653,6621.972119688374,Rice,Flood,Clay,Zaid,9.058463691272733
13.261902010065171,200.8387587406554,7.715843779575371,4437.456756876063,Rice,Flood,Clay,Kharif,10.634448366197914
27.912106570599903,411.28405186910516,16.11964553045659,2851.185359759996,Wheat,Manual,Clay,Rabi,15.030287205584969
36.01520021230306,52.08441035207129,12.179510605093476,2092.477763434658,Wheat,Drip,Clay,Zaid,9.46558858668905
33.34967145916883,200.07462726101488,44.23026049664907,6535.1167123498,Wheat,Drip,Loamy,Zaid,13.120892186517397
14.7167609503512,229.1759121159245,14.864629431111995,7971.704025740092,Rice,Manual,Sandy,Kharif,13.079738233828374
47.78839875249651,291.8280213220653,48.91393651186091,6795.138281870176,Wheat,Drip,Loamy,Kharif,15.432752897999906
37.15694891809266,463.9350273857422,20.160310629699808,5772.719199242425,Wheat,Drip,Sandy,Zaid,18.15435669748385
28.163348573058634,205.85569746468255,13.195306205991468,1377.5610108847263,Wheat,Flood,Clay,Kharif,9.854605614554698
30.97431656548326,206.12894085330245,40.53643282141156,9716.398998349454,Rice,Flood,Sandy,Rabi,13.290157067269734
21.560403058961704,381.8755616493868,34.64184989753942,8188.427724891171,Cotton,Manual,Loamy,Kharif,15.443897948205342
13.138818485556715,253.49807340041323,27.418807240391253,3635.3983303086825,Wheat,Manual,Loamy,Rabi,9.476186428527997
18.44266125391182,151.0721703229919,29.991359792193407,9819.732964229655,Cotton,Drip,Clay,Rabi,11.24042698191889
38.13445941275409,253.59778225971203,37.36408002225187,6416.934306726899,Wheat,Flood,Loamy,Rabi,12.397361536078353
1.7052809428580376,113.38565917090993,15.280463359908442,6241.803923865218,Cotton,Manual,Clay,Rabi,9.177202689063193
6.687559384838895,129.3741439278005,49.83502622255339,7732.658614865789,Rice,Manual,Loamy,Rabi,9.278709125624854
3.2541294590658847,274.2654977327659,48.86569229660524,8305.928092811238,Rice,Manual,Loamy,Kharif,10.23545969739437
2.9957113136295366,238.51645227704657,34.26465588561216,6908.307465983524,Wheat,Manual,Clay,Rabi,11.072047416538872
42.917568616539356,461.68065548064504,13.979410291811531,2152.8617172958,Cotton,Manual,Sandy,Kharif,14.938884876345499
35.47923510962116,213.0772546024849,35.61027090940811,4044.4075539504856,Rice,Manual,Loamy,Rabi,11.514094482667343
24.234517625278933,311.26475762511956,8.248928404062912,9352.752762934448,Wheat,Drip,Sandy,Zaid,16.060674529291813
5.7938738718990725,334.5189295637887,6.379362599261273,3021.5405065946675,Wheat,Flood,Loamy,Rabi,12.9676970634489
25.089177880724787,55.89250546475014,16.595729983004617,4349.50321453762,Rice,Flood,Loamy,Zaid,9.497308281665742
24.200116768247717,348.5918174075198,25.818033053269232,4888.691946497764,Rice,Manual,Loamy,Rabi,14.777672122638574
9.486891625590744,130.11618509138813,44.072262743377124,4954.64490725007,Wheat,Flood,Loamy,Rabi,8.601221275837029
22.25873081266068,482.48164286125484,37.72260813948386,6516.456242450729,Cotton,Flood,Sandy,Rabi,14.978468736442471
20.526731985471297,116.89822748890083,38.42179345399914,9487.682539702368,Cotton,Flood,Sandy,Zaid,11.599969857706133
31.176654804558606,236.58085567716068,24.14720005016339,3166.2344064925446,Cotton,Manual,Loamy,Zaid,10.735019511719095
32.11958889251455,88.40735063538973,20.56707466461333,2093.5123867082625,Wheat,Manual,Loamy,Rabi,8.41313676585543
3.219896478830181,498.5934133306763,21.696744334307123,2777.234408739436,Rice,Flood,Sandy,Kharif,11.741704179472528
19.35601811669709,275.9877546490592,49.444230368122604,8982.324101883425,Wheat,Flood,Clay,Rabi,12.349900248641386
31.667135869997583,317.9232577940197,6.804913613561712,6812.297313896854,Rice,Manual,Clay,Zaid,15.154418772339868
25.653676670424296,80.18441482479237,44.01641732551018,3573.1611031524412,Cotton,Drip,Sandy,Rabi,7.901434486580356
42.96800221822779,387.48221167963,31.040393385757703,8343.522450717555,Cotton,Flood,Loamy,Zaid,17.005763372813018
33.275987949328304,144.4575168930136,24.73769386353157,8752.329967270924,Rice,Drip,Loamy,Zaid,15.552315141972958
8.983786926990055,454.1244302483212,37.636594718681145,8618.629048212502,Rice,Flood,Clay,Zaid,15.328874242832057
4.457868622621063,142.31283821690323,26.90010236411163,9270.33880275599,Wheat,Drip,Clay,Rabi,10.55449186282662
32.47854463210947,135.80947429864995,44.304045713674725,3270.1691815602544,Cotton,Drip,Sandy,Zaid,9.51572808721977
2.299054216539469,66.4473505316427,45.53158388050663,7795.377358716504,Wheat,Drip,Clay,Zaid,6.917531145063567
29.7030034823997,262.43012529949965,23.977441709305495,5144.8554754672605,Wheat,Manual,Sandy,Rabi,12.642167191976503
47.07128182982292,304.17850996817737,17.45725087557732,8577.986976010554,Wheat,Drip,Clay,Zaid,18.105338010326946
29.19823471591807,79.56888774275856,31.6557647867013,7556.416094454519,Cotton,Drip,Clay,Rabi,11.038094193775505
20.020326384119574,398.9874275127548,46.05635055275109,7988.027018497522,Wheat,Drip,Clay,Zaid,15.19310512765047
32.5211227036753,253.97997563661244,14.479798505254996,6905.456539129644,Wheat,Flood,Loamy,Kharif,13.846504233506
23.454391634084313,285.97562119741104,33.03349626035673,2596.858925227362,Wheat,Drip,Loamy,Kharif,12.833859533774959
27.735222676480813,248.34323612220265,33.42020990416343,5905.242270072445,Wheat,Flood,Loamy,Zaid,14.30245039870488
47.13177563004973,230.3433773938967,37.99008600868764,9862.027655720574,Wheat,Drip,Clay,Kharif,14.697161606480734
19.919029252237937,301.83814908869806,10.920545830726692,9436.492598474071,Wheat,Drip,Sandy,Rabi,14.376096173300718
48.0983376273718,119.85811066882063,37.212123410693984,1388.563622173105,Cotton,Manual,Sandy,Kharif,9.38446407134573
45.36218145584712,131.867658722872,45.906463429953845,2483.333341564934,Wheat,Flood,Sandy,Zaid,9.404025545159694
10.593765604675525,437.8035294560828,13.085739899160888,2185.558961091057,Rice,Drip,Sandy,Zaid,15.361334393669061
4.398703742883107,475.75195796013475,15.689449621574493,7533.81918986766,Wheat,Flood,Loamy,Rabi,15.4783711809699
5.9381220674939055,217.98919232588884,48.71277923187378,8360.067968712505,Wheat,Flood,Loamy,Zaid,11.700590368126246
1.8928694569259368,171.8351029145992,13.14396287192704,2921.602296796047,Cotton,Manual,Clay,Rabi,5.621292607759653
5.627705077040491,339.7997944575571,43.447329201631064,5552.674236566461,Cotton,Manual,Clay,Kharif,11.177907566101434
34.467331897401486,233.9303769941434,27.152503540161565,8566.3272521008,Rice,Manual,Sandy,Kharif,14.065710474436301
4.48824377455122,61.42386004715519,16.125398348142966,7595.213902896256,Rice,Manual,Loamy,Rabi,9.029976742583772
16.629805884394305,120.26866881478566,44.183745557263016,5880.134849426635,Cotton,Manual,Sandy,Rabi,7.849532741099258
42.398890237503274,372.18750298132886,25.038736475119947,6313.129214128956,Cotton,Manual,Clay,Zaid,14.40274571204765
2.1403248510554675,346.5157738595681,28.166780926836058,5575.244922246519,Wheat,Manual,Clay,Kharif,11.833838033102378
40.908955646857855,62.19319662656757,21.165501622989456,3677.936061869385,Cotton,Manual,Sandy,Rabi,9.895201430586315
14.810883963896597,149.88747286982723,31.682788314571734,6085.197935731145,Rice,Drip,Clay,Kharif,11.054052289761323
6.790076553461157,153.98365846463213,12.358574266326025,7199.967718450816,Wheat,Flood,Sandy,Rabi,11.057848700357612
35.14012110284338,352.35173461942776,22.598669149329233,8859.906242747269,Rice,Manual,Loamy,Kharif,19.01408983967708
31.818199492214315,58.86974198946387,48.62355450508794,6726.622185813233,Wheat,Manual,Sandy,Zaid,9.033288397628063
43.9961286628256,96.84886189305823,16.61600447155074,7850.093833388422,Cotton,Flood,Loamy,Kharif,13.623943127531582
37.0184811463904,409.9622384179352,34.55314990435815,2440.644714591157,Rice,Drip,Loamy,Kharif,15.536934761320719
40.37056558885758,130.34509792445013,19.633552890111268,5154.017269778109,Wheat,Flood,Clay,Kharif,12.365178524464941
14.819694055994018,343.7357485333436,39.80629065589703,1083.9845784438396,Wheat,Flood,Clay,Kharif,9.982281054492608
9.694537645206418,157.18225147102694,10.889314732325742,3220.1097806946073,Cotton,Manual,Clay,Kharif,10.083280034881902
37.78012283040206,94.74862674170532,48.64194702853451,7538.155436017044,Cotton,Flood,Sandy,Zaid,9.77654518225829
40.53490222409594,159.42748594975433,25.420529362263768,9926.289562144271,Cotton,Flood,Sandy,Rabi,12.311284921411175
49.53475195803299,375.0201193350466,15.622270850590878,1892.6028962849432,Rice,Manual,Clay,Kharif,15.146091122826038
21.2182661686599,435.06341064782856,8.307353629850569,4613.448842751594,Wheat,Manual,Sandy,Zaid,15.696401450002092
19.228886203846375,423.5989390551462,12.639105728939333,8200.638718292435,Cotton,Manual,Clay,Kharif,15.868566287558258
39.04423507635784,228.73258832830467,28.389827685020794,2836.3207116600897,Rice,Manual,Sandy,Kharif,11.766481963644365
17.699373472397873,350.6383114567908,20.165142939407882,5995.7645437205765,Rice,Flood,Loamy,Rabi,13.142639875571902
46.60710895457467,142.24293293711943,42.299751464717424,7597.641664267073,Rice,Flood,Loamy,Kharif,13.899474270142457
43.06222484030758,181.91647861745597,24.389938564781268,6543.869052341612,Cotton,Drip,Clay,Zaid,14.331913536498147
22.0207073413759,453.3511183345039,16.192142266443344,2692.2226115387452,Cotton,Drip,Sandy,Zaid,14.244713756698383
37.792682321783374,55.850865579831215,32.77152439718135,4198.461118171655,Wheat,Flood,Sandy,Rabi,9.02435522394762
37.97260083014943,88.47883888451064,36.80497475984506,8054.126060368575,Wheat,Drip,Loamy,Kharif,12.857898242772102
6.053069572960698,143.5488148157123,12.516885855542744,5988.03862718815,Cotton,Flood,Loamy,Zaid,9.467557166906108
45.22509242729877,61.93949174321887,12.542864732974294,1047.0665218862146,Rice,Drip,Clay,Kharif,11.137688574390214
25.757366249945,131.6459457904088,6.650214212009434,7848.916840252845,Rice,Manual,Loamy,Kharif,12.358068570357462
41.49641583927934,312.3687024363615,38.13809067795383,1317.8021944621516,Rice,Drip,Clay,Kharif,13.384495034421619
16.682430450499975,239.64104776662407,34.87120374298123,7711.6040445810895,Wheat,Manual,Loamy,Rabi,11.834504128224648
44.880638196313825,451.7022699846387,26.358389408741626,2822.325041487137,Rice,Manual,Loamy,Kharif,17.79745952571721
20.07088225797399,417.8496027822984,42.987670203613874,9622.661321074422,Wheat,Manual,Sandy,Zaid,15.469698059638667
1.5310449225346197,203.81780826404417,41.255156882752395,4311.466761718761,Wheat,Manual,Loamy,Kharif,9.038826374758777
45.363716844543916,166.7405450440816,31.34094639785385,3942.384547042712,Rice,Drip,Loamy,Zaid,13.039843426694526
5.473047162520544,220.8615836752701,44.07220762309664,2339.992452992002,Rice,Flood,Clay,Kharif,7.460900479110816
16.64636824193033,315.6327241316635,14.26285445165457,3750.4379394119337,Cotton,Manual,Loamy,Zaid,13.455455179547556
47.55303638548944,170.6286383702943,10.036382872897754,8889.856856453805,Cotton,Drip,Clay,Zaid,16.29417768710088
47.57975019994025,330.86700853211033,17.138732518264533,9967.009038645227,Rice,Manual,Loamy,Kharif,18.533033508979326
29.09845651804102,234.23524348605818,7.568908524019168,4314.785774561635,Wheat,Drip,Loamy,Kharif,14.499296203795309
31.960023396320164,298.4212313833911,28.90262876004644,5037.4956785908835,Wheat,Drip,Clay,Zaid,13.312632478248132
22.97383057693767,246.25693811089252,47.14725615327327,7498.638443824633,Wheat,Drip,Sandy,Rabi,12.508891681417332
15.367327813205161,182.50959179386294,6.770459330082934,8975.762024185671,Wheat,Flood,Clay,Kharif,14.660409334676554
17.10456272312588,476.8039881329705,10.494946130451206,6337.399007681057,Wheat,Drip,Clay,Rabi,15.175185903987062
33.953404347774885,393.62260737189234,25.348956272754588,4523.731283600464,Cotton,Drip,Clay,Kharif,14.71831545175184
37.86635194244632,113.05092909490365,47.02437578875572,4713.596567637614,Rice,Flood,Sandy,Kharif,10.59625026595124
39.78737314256658,440.8105891540608,19.22702472395377,7260.5633184712615,Cotton,Flood,Loamy,Kharif,18.224524909270187
39.69128899693314,269.34403921228113,27.82556639097766,1028.9643724385082,Wheat,Drip,Clay,Kharif,10.99125944718703
5.469099049385828,452.54850210234116,6.870778657267644,6576.304037138566,Wheat,Flood,Clay,Rabi,13.143960253604583
25.226594930426494,409.93486517629185,11.675444043293998,4199.437093972217,Wheat,Manual,Sandy,Kharif,15.678378167498861
3.82037924081557,241.34607701115505,49.39835553314811,8147.775981493758,Wheat,Manual,Clay,Zaid,9.48578443653452
27.926915233863042,60.11118874405283,48.430341339622046,1836.9157584081895,Rice,Flood,Loamy,Zaid,6.629017658772773
22.634994567295475,170.90481172322575,5.222299142048433,6293.820402535514,Wheat,Flood,Sandy,Rabi,13.463116549515437
44.497504955156685,293.7353965973901,47.83153034404575,5328.756008975114,Rice,Drip,Loamy,Kharif,15.09828524649361
18.194835615051854,335.0651989217663,33.760397201697515,6780.929733147047,Wheat,Flood,Loamy,Zaid,13.324144779501905
6.736283804952687,166.04945844494102,44.056323253401,1583.682350346715,Rice,Drip,Sandy,Rabi,6.97359582452116
8.006592420588957,112.71023333277085,25.46329350352366,6219.854086853182,Cotton,Manual,Clay,Kharif,7.204093043557696
38.31402095415614,425.7186065596846,28.20182128606626,6053.361291635713,Wheat,Flood,Loamy,Zaid,17.209467724719815
31.29268510249679,492.98098131659845,26.99809611156141,6045.940849745539,Rice,Drip,Loamy,Zaid,18.506499371218975
5.955011130016722,286.56058203620864,35.008891589574695,6431.388999368093,Cotton,Drip,Loamy,Rabi,11.427851089089547
5.121233499634874,127.25567863173657,11.284306464034081,7088.21143503726,Wheat,Manual,Loamy,Kharif,10.184525884480204
35.34748744149688,172.53829693371603,6.348811544270508,8244.900997126928,Wheat,Flood,Sandy,Kharif,13.835513470167081
4.565387311845483,58.27580444636003,18.856847371603592,3428.3864811539293,Wheat,Manual,Sandy,Zaid,7.414510059424149
41.27114290522746,461.4344629522246,36.7106343231491,8425.444691620558,Rice,Drip,Loamy,Zaid,19.184528801252842
35.60586913066832,102.9879873005635,14.083405345532677,5484.3011403710825,Rice,Drip,Clay,Zaid,12.679325986950301
4.9860902514530885,309.43241398141413,35.30445949962128,1693.5245122089805,Cotton,Flood,Loamy,Kharif,8.95152767087372
5.157047990174404,173.3248493092427,48.64604207482717,1526.9583631958128,Rice,Drip,Clay,Rabi,7.254715547193015
49.345339346557594,299.38010113210703,9.225532210523827,4008.1448682645473,Rice,Flood,Loamy,Rabi,17.81030733278389
19.339268992049895,343.1391747583389,35.267095320130686,8064.072794003208,Wheat,Manual,Clay,Kharif,12.188329374101839
19.161465206277654,423.38381166824075,24.968759868705703,7369.128412668242,Wheat,Flood,Loamy,Rabi,15.702937346917478
40.82717879561763,142.88957229227145,44.06640144698774,8097.534682051658,Wheat,Flood,Clay,Zaid,11.765902952150107
47.41518029180908,54.948122896316214,12.971740525132367,5655.4215079744845,Wheat,Drip,Loamy,Rabi,12.202777065601346
49.31405212732067,111.59853353096327,36.168167850177404,4961.790981599415,Wheat,Drip,Loamy,Rabi,12.220806107943005
37.91553107768814,455.00838883164727,42.71518803416496,2327.0727403565556,Wheat,Flood,Clay,Rabi,14.099135317195316
19.436719691014872,443.25053490313184,47.50763987633105,3953.734782483804,Wheat,Drip,Sandy,Zaid,13.192984465997226
5.09153511823477,318.8358959766387,35.74616127303406,4906.174295564877,Cotton,Drip,Clay,Kharif,9.0401648199253
39.0801988804444,320.232587195144,27.37286438037923,1797.4038671165551,Cotton,Drip,Sandy,Zaid,12.100483580833094
28.361808237054447,349.26650354581494,32.80312580905462,2985.5075744009014,Cotton,Flood,Loamy,Kharif,12.40899742511685
21.78687845310184,128.91707538055232,44.10072430154232,6384.02764657365,Cotton,Drip,Clay,Kharif,8.822491133444522
45.411364869642064,461.4853756662319,30.677438598747337,7620.968028152709,Wheat,Flood,Clay,Kharif,17.02524530138016
6.448676633001416,238.4467362014329,6.367417686357658,9985.127602536546,Cotton,Drip,Clay,Rabi,11.239629315779082
25.138630110252098,222.41233771227385,46.892691297814004,9398.019982092019,Wheat,Manual,Sandy,Rabi,11.941230054489267
1.5563285936035345,283.5129673772769,36.02870379642025,6783.086795816724,Cotton,Drip,Sandy,Kharif,9.248806379156042
23.964371457712186,71.13468504877477,35.443102359976095,4791.232479646648,Rice,Drip,Loamy,Kharif,9.002985660217304
3.75886050841003,124.82751594023573,14.705381857897272,6725.596282374095,Cotton,Flood,Sandy,Rabi,8.304007534957067
6.822077897135524,382.1151273918667,34.64984616046957,8070.864562722088,Cotton,Flood,Sandy,Zaid,11.817045797386221
6.7587860920781395,87.25940056630691,22.72389825443713,2065.025718310486,Wheat,Drip,Loamy,Kharif,6.114849670276498
32.811304803687115,321.4184492598747,34.30548396686714,4689.144007266595,Cotton,Manual,Clay,Zaid,10.715863459323545
37.55619908400574,160.40709935659441,9.796686363859582,8558.220570720556,Rice,Drip,Clay,Rabi,15.85331367106443
29.585069489760823,225.18302631888943,34.60303870713662,4454.496567397396,Wheat,Drip,Loamy,Kharif,12.986175905909764
48.14645487525255,179.91218154681494,49.973617659679995,6146.8504410446785,Wheat,Manual,Clay,Zaid,12.291327569271443
19.3686583966615,210.0527224092271,7.169541748725021,6289.924247759784,Cotton,Flood,Sandy,Zaid,11.308366015793922
14.999892227811175,373.57065733291046,48.97283828995928,2660.286278202754,Wheat,Drip,Loamy,Zaid,11.38786082306431
43.561357281283556,183.70477203042876,23.310858232529178,4260.118974870596,Wheat,Flood,Loamy,Rabi,14.35500746100588
11.95619608745318,304.88208813360376,44.18390526517666,4010.601598677389,Wheat,Flood,Loamy,Rabi,8.697248673003465
48.19790443258995,264.22268098959483,40.2073467826223,1235.7703767885832,Wheat,Manual,Clay,Zaid,11.576158781493525
1.5955692598010007,348.65202441319167,30.51573174440005,1217.7258750221972,Wheat,Manual,Loamy,Zaid,7.65044067833635
48.52406250867431,471.5733826961411,38.23021441630969,8485.273393081961,Wheat,Flood,Loamy,Rabi,19.319451425770602
3.1148356855782295,379.65744374461264,44.533200258560655,3457.6372897553115,Rice,Drip,Loamy,Zaid,11.264545462888625
44.666012571205485,146.72317036584053,23.186314474296484,5662.708896149339,Cotton,Flood,Clay,Zaid,12.442479649904081
26.857354345228693,64.03241077757811,19.716492270345743,3688.5301622989573,Rice,Drip,Sandy,Rabi,10.05778462640981
49.65527500984572,168.01881993492128,35.04170235036131,9466.113206038064,Wheat,Drip,Loamy,Zaid,16.857489539212875
4.616031672034544,317.7850688151147,41.35306738735664,3333.6708297919636,Wheat,Manual,Sandy,Zaid,9.765694209526789
28.13885993566472,73.14161606791265,39.30283106494771,4866.911314650416,Cotton,Drip,Clay,Zaid,9.809832296323071
48.49582424533585,273.3648112405564,40.901614198638555,8854.572254361417,Rice,Drip,Clay,Rabi,15.866725320493769
26.631794364337292,318.5792820126001,24.601249166581987,8577.402101126278,Cotton,Flood,Clay,Zaid,15.593678123831914
31.840533268627865,200.40975086763237,41.802539727875974,2674.9127606164957,Rice,Manual,Clay,Rabi,9.815166244302722
35.09168576024624,396.9104916856199,10.40940749167738,8223.789788161394,Wheat,Drip,Sandy,Rabi,17.289380928181767
23.27251217362089,97.96921391019731,29.50200940823823,5123.681980641034,Cotton,Drip,Loamy,Kharif,10.05437252327665
31.75034592411911,83.81200178111395,5.259139722415471,5346.719848768197,Cotton,Manual,Clay,Kharif,11.244535820441223
29.631401284231913,377.6849402916215,19.606362345512164,2201.319751743494,Wheat,Flood,Clay,Zaid,12.076899189161175
45.15674251405846,272.9710922927893,21.490769069212906,1725.4136238141218,Cotton,Manual,Sandy,Rabi,12.125129702470206
3.2268726367314358,359.7810783924812,22.827771122416493,7551.4537627638865,Rice,Manual,Sandy,Kharif,14.741977081690957
14.767196290019285,245.67230237168582,36.2960243010438,5468.1503711976975,Rice,Drip,Clay,Zaid,10.21274157358978
47.57016271975138,160.88091495759807,22.48511455716556,4931.656323536616,Rice,Drip,Loamy,Kharif,15.897021671261866
44.6229254106549,418.5960429533899,25.19121301801388,7565.57405787157,Rice,Flood,Loamy,Kharif,18.22276111198494
23.327180886499935,409.73714553604066,15.689485889344736,7889.616090919988,Wheat,Drip,Clay,Rabi,14.40135418924821
31.3864972922753,362.61341188449205,21.796330623320305,2430.173509024182,Cotton,Drip,Sandy,Rabi,11.736389397358082
14.591677966075501,172.4653117534832,15.227133226841817,6492.026345298772,Rice,Manual,Clay,Kharif,10.667326446481901
10.217936826464305,315.60380009108917,8.293816569579963,2218.18674049917,Wheat,Drip,Clay,Kharif,10.92632392500061
23.721221842059126,212.43825362301206,32.155186702162005,7762.375774261411,Cotton,Flood,Sandy,Rabi,11.42741128194836
18.31425917327659,91.21193299698537,35.06957593497573,6912.5964064042555,Cotton,Manual,Clay,Zaid,6.298944188974209
29.59914948069273,462.79110895800926,32.877065570432656,9609.531589751121,Wheat,Flood,Clay,Rabi,17.649498491270997
4.808997211284257,111.56838391353263,25.857231971025755,1620.6221472077907,Wheat,Manual,Clay,Kharif,5.216784446559139
48.745345575642155,477.6068092193611,22.09036010806534,1513.492490361289,Rice,Drip,Sandy,Zaid,18.481387507233062
49.32432647950054,250.70259783108008,43.850014230732135,3539.683672238801,Cotton,Manual,Loamy,Kharif,12.400136019255077
